{
    "name": "root",
    "gauges": {
        "TDTest.Policy.Entropy.mean": {
            "value": -0.8522896766662598,
            "min": -0.8522896766662598,
            "max": 1.4285119771957397,
            "count": 1000
        },
        "TDTest.Policy.Entropy.sum": {
            "value": -427.84942626953125,
            "min": -462.2894592285156,
            "max": 764.535888671875,
            "count": 1000
        },
        "TDTest.Environment.EpisodeLength.mean": {
            "value": 1.1361702127659574,
            "min": 1.0,
            "max": 107.4,
            "count": 1000
        },
        "TDTest.Environment.EpisodeLength.sum": {
            "value": 267.0,
            "min": 246.0,
            "max": 651.0,
            "count": 1000
        },
        "TDTest.Step.mean": {
            "value": 499994.0,
            "min": 453.0,
            "max": 499994.0,
            "count": 1000
        },
        "TDTest.Step.sum": {
            "value": 499994.0,
            "min": 453.0,
            "max": 499994.0,
            "count": 1000
        },
        "TDTest.Policy.ExtrinsicValueEstimate.mean": {
            "value": 0.9925771951675415,
            "min": -0.018115855753421783,
            "max": 0.9950432181358337,
            "count": 1000
        },
        "TDTest.Policy.ExtrinsicValueEstimate.sum": {
            "value": 233.25564575195312,
            "min": -0.3260854184627533,
            "max": 248.7552490234375,
            "count": 1000
        },
        "TDTest.Environment.CumulativeReward.mean": {
            "value": 1.0,
            "min": 0.0,
            "max": 1.0,
            "count": 1000
        },
        "TDTest.Environment.CumulativeReward.sum": {
            "value": 235.0,
            "min": 0.0,
            "max": 250.0,
            "count": 1000
        },
        "TDTest.Policy.ExtrinsicReward.mean": {
            "value": 1.0,
            "min": 0.0,
            "max": 1.0,
            "count": 1000
        },
        "TDTest.Policy.ExtrinsicReward.sum": {
            "value": 235.0,
            "min": 0.0,
            "max": 250.0,
            "count": 1000
        },
        "TDTest.Losses.PolicyLoss.mean": {
            "value": 0.22619380856320884,
            "min": 0.1904686312033763,
            "max": 0.3047832737403987,
            "count": 1000
        },
        "TDTest.Losses.PolicyLoss.sum": {
            "value": 1.1309690428160442,
            "min": 0.6321822175656596,
            "max": 1.4239437304723497,
            "count": 1000
        },
        "TDTest.Losses.ValueLoss.mean": {
            "value": 0.00017847117742879462,
            "min": 1.8230983713549105e-08,
            "max": 0.07553159801000707,
            "count": 1000
        },
        "TDTest.Losses.ValueLoss.sum": {
            "value": 0.0008923558871439731,
            "min": 7.292393485419642e-08,
            "max": 0.3021263920400283,
            "count": 1000
        },
        "TDTest.Policy.LearningRate.mean": {
            "value": 1.5369994880000036e-07,
            "min": 1.5369994880000036e-07,
            "max": 0.00029985200004933334,
            "count": 1000
        },
        "TDTest.Policy.LearningRate.sum": {
            "value": 7.684997440000019e-07,
            "min": 7.684997440000019e-07,
            "max": 0.0014932644022452,
            "count": 1000
        },
        "TDTest.Policy.Epsilon.mean": {
            "value": 0.1000512,
            "min": 0.1000512,
            "max": 0.1999506666666667,
            "count": 1000
        },
        "TDTest.Policy.Epsilon.sum": {
            "value": 0.500256,
            "min": 0.3079508,
            "max": 0.9977548,
            "count": 1000
        },
        "TDTest.Policy.Beta.mean": {
            "value": 1.0250880000000002e-05,
            "min": 1.0250880000000002e-05,
            "max": 0.0004997582666666666,
            "count": 1000
        },
        "TDTest.Policy.Beta.sum": {
            "value": 5.125440000000001e-05,
            "min": 4.8886640000000024e-05,
            "max": 0.0024889985199999997,
            "count": 1000
        },
        "TDTest.IsTraining.mean": {
            "value": 1.0,
            "min": 1.0,
            "max": 1.0,
            "count": 1000
        },
        "TDTest.IsTraining.sum": {
            "value": 1.0,
            "min": 1.0,
            "max": 1.0,
            "count": 1000
        }
    },
    "metadata": {
        "timer_format_version": "0.1.0",
        "start_time_seconds": "1623495329",
        "python_version": "3.7.9 (tags/v3.7.9:13c94747c7, Aug 17 2020, 18:58:18) [MSC v.1900 64 bit (AMD64)]",
        "command_line_arguments": "F:\\LeJeuQuiFinitSurSteam\\md-python-envs\\EnvIA\\Scripts\\mlagents-learn config/rollerball_config.yaml --run-id=TDTest --force",
        "mlagents_version": "0.26.0",
        "mlagents_envs_version": "0.26.0",
        "communication_protocol_version": "1.5.0",
        "pytorch_version": "1.7.1+cu110",
        "numpy_version": "1.20.3",
        "end_time_seconds": "1623500148"
    },
    "total": 4818.8584947,
    "count": 1,
    "self": 0.008167899999534711,
    "children": {
        "run_training.setup": {
            "total": 0.0882613000000001,
            "count": 1,
            "self": 0.0882613000000001
        },
        "TrainerController.start_learning": {
            "total": 4818.7620655,
            "count": 1,
            "self": 9.258584000111114,
            "children": {
                "TrainerController._reset_env": {
                    "total": 27.1997371,
                    "count": 1,
                    "self": 27.1997371
                },
                "TrainerController.advance": {
                    "total": 4782.221864799888,
                    "count": 500003,
                    "self": 9.95371219962999,
                    "children": {
                        "env_step": {
                            "total": 3043.6707861002096,
                            "count": 500003,
                            "self": 1599.9200562999495,
                            "children": {
                                "SubprocessEnvManager._take_step": {
                                    "total": 1438.1026930000353,
                                    "count": 500003,
                                    "self": 24.761779599831243,
                                    "children": {
                                        "TorchPolicy.evaluate": {
                                            "total": 1413.340913400204,
                                            "count": 500003,
                                            "self": 512.0122382002949,
                                            "children": {
                                                "TorchPolicy.sample_actions": {
                                                    "total": 901.3286751999092,
                                                    "count": 500003,
                                                    "self": 901.3286751999092
                                                }
                                            }
                                        }
                                    }
                                },
                                "workers": {
                                    "total": 5.648036800224876,
                                    "count": 500003,
                                    "self": 0.0,
                                    "children": {
                                        "worker_root": {
                                            "total": 4781.647922500092,
                                            "count": 500003,
                                            "is_parallel": true,
                                            "self": 3586.2782621999186,