{
    "name": "root",
    "gauges": {
        "RollerBall.Policy.Entropy.mean": {
            "value": 1.2720139026641846,
            "min": 1.2507753372192383,
            "max": 1.3992892503738403,
            "count": 50
        },
        "RollerBall.Policy.Entropy.sum": {
            "value": 12715.05078125,
            "min": 12502.75,
            "max": 14020.8779296875,
            "count": 50
        },
        "RollerBall.Environment.EpisodeLength.mean": {
            "value": 7.893238434163701,
            "min": 7.469146238377007,
            "max": 17.16272965879265,
            "count": 50
        },
        "RollerBall.Environment.EpisodeLength.sum": {
            "value": 8872.0,
            "min": 6406.0,
            "max": 13078.0,
            "count": 50
        },
        "RollerBall.Step.mean": {
            "value": 499994.0,
            "min": 9999.0,
            "max": 499994.0,
            "count": 50
        },
        "RollerBall.Step.sum": {
            "value": 499994.0,
            "min": 9999.0,
            "max": 499994.0,
            "count": 50
        },
        "RollerBall.Policy.ExtrinsicValueEstimate.mean": {
            "value": 0.9042079448699951,
            "min": 0.41358211636543274,
            "max": 0.9269303679466248,
            "count": 50
        },
        "RollerBall.Policy.ExtrinsicValueEstimate.sum": {
            "value": 1016.3297119140625,
            "min": 316.80389404296875,
            "max": 1075.434814453125,
            "count": 50
        },
        "RollerBall.Environment.CumulativeReward.mean": {
            "value": 0.9537366548042705,
            "min": 0.4986910994764398,
            "max": 0.980561555075594,
            "count": 50
        },
        "RollerBall.Environment.CumulativeReward.sum": {
            "value": 1072.0,
            "min": 381.0,
            "max": 1130.0,
            "count": 50
        },
        "RollerBall.Policy.ExtrinsicReward.mean": {
            "value": 0.9537366548042705,
            "min": 0.4986910994764398,
            "max": 0.980561555075594,
            "count": 50
        },
        "RollerBall.Policy.ExtrinsicReward.sum": {
            "value": 1072.0,
            "min": 381.0,
            "max": 1130.0,
            "count": 50
        },
        "RollerBall.Losses.PolicyLoss.mean": {
            "value": 0.2454774619008908,
            "min": 0.23467034626123345,
            "max": 0.247681408641872,
            "count": 50
        },
        "RollerBall.Losses.PolicyLoss.sum": {
            "value": 23.074881418683734,
            "min": 19.40584887809033,
            "max": 23.074881418683734,
            "count": 50
        },
        "RollerBall.Losses.ValueLoss.mean": {
            "value": 0.024997945236919897,
            "min": 0.01067076296899825,
            "max": 0.1065613722464159,
            "count": 50
        },
        "RollerBall.Losses.ValueLoss.sum": {
            "value": 2.3498068522704703,
            "min": 0.8643318004888583,
            "max": 9.697084874423847,
            "count": 50
        },
        "RollerBall.Policy.LearningRate.mean": {
            "value": 2.9842756010191496e-06,
            "min": 2.9842756010191496e-06,
            "max": 0.00029693278768907106,
            "count": 50
        },
        "RollerBall.Policy.LearningRate.sum": {
            "value": 0.0002805219064958001,
            "min": 0.0002805219064958001,
            "max": 0.026723950892016395,
            "count": 50
        },
        "RollerBall.Policy.Epsilon.mean": {
            "value": 0.10099472553191488,
            "min": 0.10099472553191488,
            "max": 0.19897759555555553,
            "count": 50
        },
        "RollerBall.Policy.Epsilon.sum": {
            "value": 9.493504199999999,
            "min": 9.493504199999999,
            "max": 17.940593399999997,
            "count": 50
        },
        "RollerBall.Policy.Beta.mean": {
            "value": 1.4874155106382987e-05,
            "min": 1.4874155106382987e-05,
            "max": 0.0004949902182222223,
            "count": 50
        },
        "RollerBall.Policy.Beta.sum": {
            "value": 0.0013981705800000007,
            "min": 0.0013981705800000007,
            "max": 0.04454911964,
            "count": 50
        },
        "RollerBall.IsTraining.mean": {
            "value": 1.0,
            "min": 1.0,
            "max": 1.0,
            "count": 50
        },
        "RollerBall.IsTraining.sum": {
            "value": 1.0,
            "min": 1.0,
            "max": 1.0,
            "count": 50
        }
    },
    "metadata": {
        "timer_format_version": "0.1.0",
        "start_time_seconds": "1622652874",
        "python_version": "3.7.9 (tags/v3.7.9:13c94747c7, Aug 17 2020, 18:58:18) [MSC v.1900 64 bit (AMD64)]",
        "command_line_arguments": "F:\\LeJeuQuiFinitSurSteam\\md-python-envs\\EnvIA\\Scripts\\mlagents-learn config/rollerball_config.yaml --run-id=RollerBall",
        "mlagents_version": "0.26.0",
        "mlagents_envs_version": "0.26.0",
        "communication_protocol_version": "1.5.0",
        "pytorch_version": "1.7.1+cu110",
        "numpy_version": "1.20.3",
        "end_time_seconds": "1622654859"
    },
    "total": 1985.6315646,
    "count": 1,
    "self": 0.008945600000288323,
    "children": {
        "run_training.setup": {
            "total": 0.20911449999999987,
            "count": 1,
            "self": 0.20911449999999987
        },
        "TrainerController.start_learning": {
            "total": 1985.4135044999998,
            "count": 1,
            "self": 2.57960080001385,
            "children": {
                "TrainerController._reset_env": {
                    "total": 13.328377600000001,
                    "count": 1,
                    "self": 13.328377600000001
                },
                "TrainerController.advance": {
                    "total": 1969.4582078999858,
                    "count": 129631,
                    "self": 2.608176400002094,
                    "children": {
                        "env_step": {
                            "total": 896.2869873999955,
                            "count": 129631,
                            "self": 771.819428300002,
                            "children": {
                                "SubprocessEnvManager._take_step": {
                                    "total": 122.96851890000863,
                                    "count": 129631,
                                    "self": 4.84254760002824,
                                    "children": {
                                        "TorchPolicy.evaluate": {
                                            "total": 118.12597129998039,
                                            "count": 83338,
                                            "self": 49.75022979999561,
                                            "children": {
                                                "TorchPolicy.sample_actions": {
                                                    "total": 68.37574149998478,
                                                    "count": 83338,
                                                    "self": 68.37574149998478
                                                }
                                            }
                                        }
                                    }
                                },
                                "workers": {
                                    "total": 1.4990401999848757,
                                    "count": 129631,
                                    "self": 0.0,
                                    "children": {
                                        "worker_root": {
                                            "total": 1976.270124699992,
                                            "count": 129631,
                                            "is_parallel": true,